"position","const","created","modified","description","Title","Title type","Directors","IMDb Rating","Runtime (mins)","Year","Genres","Num. Votes","Release Date (month/day/year)","URL"
"1","tt0071120","Sun Jan 15 17:52:53 2012","Sun Jan 15 17:52:53 2012","","All the Kind Strangers","TV Movie","Burt Kennedy","5.9","73","1974","horror, thriller","369","1974-11-12","http://www.imdb.com/title/tt0071120/"
"2","tt0087479","Sun Jan 15 17:53:07 2012","Sun Jan 15 17:53:07 2012","","The Astral Factor","Feature Film","John Florea","3.7","85","1978","sci_fi, thriller","517","1978-02-01","http://www.imdb.com/title/tt0087479/"
"3","tt0092623","Sun Jan 15 17:53:22 2012","Sun Jan 15 17:53:22 2012","","Bay Coven","TV Movie","Carl Schenkel","5.3","95","1987","horror, thriller","404","1987-10-25","http://www.imdb.com/title/tt0092623/"
"4","tt0066836","Sun Jan 15 17:53:35 2012","Sun Jan 15 17:53:35 2012","","Black Noon","TV Movie","Bernard L. Kowalski","6.0","74","1971","horror, western","149","1971-11-05","http://www.imdb.com/title/tt0066836/"
"5","tt0084997","Sun Jan 15 17:53:51 2012","Sun Jan 15 17:53:51 2012","","Chiefs","Mini-Series","","8.2","200","1983","crime, drama, mystery, thriller","1169","1983-11-13","http://www.imdb.com/title/tt0084997/"
"6","tt0077325","Sun Jan 15 17:54:00 2012","Sun Jan 15 17:54:00 2012","","Child of Glass","TV Movie","John Erman","7.7","93","1978","drama, family, fantasy, horror","360","1978-05-14","http://www.imdb.com/title/tt0077325/"
"7","tt0065556","Sun Jan 15 17:54:12 2012","Sun Jan 15 17:54:12 2012","","City Beneath the Sea","TV Movie","Irwin Allen","5.4","98","1971","action, sci_fi","450","1971-01-25","http://www.imdb.com/title/tt0065556/"
"8","tt0087071","Sun Jan 15 17:54:23 2012","Sun Jan 15 17:54:23 2012","","The Cold Room","TV Movie","James Dearden","5.1","95","1984","drama, mystery, romance, thriller","172","1984-03-24","http://www.imdb.com/title/tt0087071/"
"9","tt0064177","Sun Jan 15 17:54:38 2012","Sun Jan 15 17:54:38 2012","","Colossus: The Forbin Project","Feature Film","Joseph Sargent","7.2","100","1970","sci_fi, thriller","5464","1970-04-08","http://www.imdb.com/title/tt0064177/"
"10","tt0065594","Sun Jan 15 17:54:48 2012","Sun Jan 15 17:54:48 2012","","Crowhaven Farm","TV Movie","Walter Grauman","6.7","74","1970","drama, horror","493","1970-11-24","http://www.imdb.com/title/tt0065594/"
"11","tt0080573","Sun Jan 15 17:55:01 2012","Sun Jan 15 17:55:01 2012","","Cry of the Innocent","TV Movie","Michael O'Herlihy","5.3","93","1980","action, crime, drama, mystery, thriller","143","1980-06-19","http://www.imdb.com/title/tt0080573/"
"12","tt0070003","Sun Jan 15 17:56:13 2012","Sun Jan 15 17:56:13 2012","","Dracula","TV Movie","Dan Curtis","6.4","98","1974","horror","1106","1974-02-08","http://www.imdb.com/title/tt0070003/"
"13","tt0082235","Sun Jan 15 17:56:30 2012","Sun Jan 15 17:56:30 2012","","Dark Night of the Scarecrow","TV Movie","Frank De Felitta","6.9","96","1981","horror","3327","1981-10-24","http://www.imdb.com/title/tt0082235/"
"14","tt0077399","Sun Jan 15 17:56:45 2012","Sun Jan 15 17:56:45 2012","","The Dark Secret of Harvest Home","Mini-Series","Leo Penn","8.1","300","1978","drama, horror, mystery, thriller","782","1978-01-23","http://www.imdb.com/title/tt0077399/"
"15","tt0064211","Sun Jan 15 17:56:59 2012","Sun Jan 15 17:56:59 2012","","Daughter of the Mind","TV Movie","Walter Grauman","6.5","90","1969","thriller, horror","229","1969-12-09","http://www.imdb.com/title/tt0064211/"
"16","tt0072852","Sun Jan 15 17:57:08 2012","Sun Jan 15 17:57:08 2012","","The Deadly Tower","TV Movie","Jerry Jameson","6.7","100","1975","thriller, action, drama","674","1975-10-18","http://www.imdb.com/title/tt0072852/"
"17","tt0080601","Sun Jan 15 17:57:29 2012","Sun Jan 15 17:57:29 2012","","Death Car on the Freeway","TV Movie","Hal Needham","5.2","91","1979","mystery, thriller","227","1979-09-25","http://www.imdb.com/title/tt0080601/"
"18","tt0071399","Sun Jan 15 17:58:02 2012","Sun Jan 15 17:58:02 2012","","Death Cruise","TV Movie","Ralph Senensky","6.0","75","1974","mystery","130","1974-10-30","http://www.imdb.com/title/tt0071399/"
"19","tt0075923","Sun Jan 15 17:58:13 2012","Sun Jan 15 17:58:13 2012","","The Death of Richie","TV Movie","Paul Wendkos","7.4","97","1977","drama","236","1977-01-10","http://www.imdb.com/title/tt0075923/"
"20","tt0074384","Sun Jan 15 17:58:24 2012","Sun Jan 15 17:58:24 2012","","Death at Love House","TV Movie","E.W. Swackhamer","5.3","74","1976","horror, mystery","218","1976-08-20","http://www.imdb.com/title/tt0074384/"
"21","tt0068481","Sun Jan 15 17:58:40 2012","Sun Jan 15 17:58:40 2012","","The Devil's Daughter","TV Movie","Jeannot Szwarc","6.2","74","1973","horror","344","1973-01-09","http://www.imdb.com/title/tt0068481/"
"22","tt0071426","Sun Jan 15 17:58:54 2012","Sun Jan 15 17:58:54 2012","","The Disappearance of Flight 412","TV Movie","Jud Taylor","4.8","72","1974","drama, mystery, sci_fi","354","1974-10-01","http://www.imdb.com/title/tt0071426/"
"23","tt0077450","Sun Jan 15 17:59:06 2012","Sun Jan 15 17:59:06 2012","","Dominique","Feature Film","Michael Anderson","5.0","100","1979","horror","453","1979-03","http://www.imdb.com/title/tt0077450/"
"24","tt0069992","Sun Jan 15 17:59:21 2012","Sun Jan 15 17:59:21 2012","","Don't Be Afraid of the Dark","TV Movie","John Newland","6.9","74","1973","horror","2503","1973-10-10","http://www.imdb.com/title/tt0069992/"
"25","tt0083844","Sun Jan 15 17:59:35 2012","Sun Jan 15 17:59:35 2012","","Don't Go to Sleep","TV Movie","Richard Lang","6.9","93","1982","horror, mystery","721","1982-12-10","http://www.imdb.com/title/tt0083844/"
"26","tt0065657","Sun Jan 15 17:59:46 2012","Sun Jan 15 17:59:46 2012","","Dr. Cook's Garden","TV Movie","Ted Post","7.5","75","1971","drama, thriller","122","1971-01-19","http://www.imdb.com/title/tt0065657/"
"27","tt0067023","Sun Jan 15 17:59:57 2012","Sun Jan 15 17:59:57 2012","","Duel","TV Movie","Steven Spielberg","7.7","90","1971","action, thriller","44976","1971-11-10","http://www.imdb.com/title/tt0067023/"
"28","tt0077524","Sun Jan 15 18:00:12 2012","Sun Jan 15 18:00:12 2012","","The Evil","Feature Film","Gus Trikonis","5.9","89","1978","horror, thriller","927","1978-05-05","http://www.imdb.com/title/tt0077524/"
"29","tt0071477","Sun Jan 15 18:00:33 2012","Sun Jan 15 18:00:33 2012","","The Execution of Private Slovik","TV Movie","Lamont Johnson","7.7","120","1974","biography, drama","734","1974-03-13","http://www.imdb.com/title/tt0071477/"
"30","tt0064319","Sun Jan 15 18:00:47 2012","Sun Jan 15 18:00:47 2012","","Fear No Evil","TV Movie","Paul Wendkos","7.2","120","1969","horror, thriller","121","1969-03-03","http://www.imdb.com/title/tt0064319/"
"31","tt0077423","Sun Jan 15 18:00:59 2012","Sun Jan 15 18:00:59 2012","","Desperate Women","TV Movie","Earl Bellamy","6.4","95","1978","western","23","1978-10-25","http://www.imdb.com/title/tt0077423/"
"32","tt0070074","Sun Jan 15 18:01:13 2012","Sun Jan 15 18:01:13 2012","","Frankenstein: The True Story","TV Movie","Jack Smight","7.6","185","1973","drama, horror, sci_fi","1019","1973-11-28","http://www.imdb.com/title/tt0070074/"
"33","tt0068622","Sun Jan 15 18:01:24 2012","Sun Jan 15 18:01:24 2012","","Gargoyles","TV Movie","B.W.L. Norton","6.4","74","1972","horror","1489","1972-11-21","http://www.imdb.com/title/tt0068622/"
"34","tt0076094","Sun Jan 15 18:01:35 2012","Sun Jan 15 18:01:35 2012","","Good Against Evil","TV Movie","Paul Wendkos","3.6","84","1977","horror","350","1977-05-22","http://www.imdb.com/title/tt0076094/"
"35","tt0071593","Sun Jan 15 18:01:44 2012","Sun Jan 15 18:01:44 2012","","The Hanged Man","TV Movie","Michael Caffey","5.6","73","1974","western","186","1974-03-13","http://www.imdb.com/title/tt0071593/"
"36","tt0102007","Sun Jan 15 18:01:59 2012","Sun Jan 15 18:01:59 2012","","The Haunted","TV Movie","Robert Mandel","6.5","100","1991","horror","1230","1991-05-06","http://www.imdb.com/title/tt0102007/"
"37","tt0068682","Sun Jan 15 18:02:21 2012","Sun Jan 15 18:02:21 2012","","Haunts of the Very Rich","TV Movie","Paul Wendkos","6.7","75","1972","drama, thriller","219","1972-09-20","http://www.imdb.com/title/tt0068682/"
"38","tt0068715","Sun Jan 15 18:02:37 2012","Sun Jan 15 18:02:37 2012","","The Horror at 37,000 Feet","TV Movie","David Lowell Rich","5.7","73","1973","horror","458","1973-02-13","http://www.imdb.com/title/tt0068715/"
"39","tt0065855","Sun Jan 15 18:02:48 2012","Sun Jan 15 18:02:48 2012","","The House That Would Not Die","TV Movie","John Llewellyn Moxey","5.9","74","1970","horror","391","1970-10-27","http://www.imdb.com/title/tt0065855/"
"40","tt0065858","Sun Jan 15 18:03:01 2012","Sun Jan 15 18:03:01 2012","","How Awful About Allan","TV Movie","Curtis Harrington","5.9","73","1970","thriller","494","1970-09-22","http://www.imdb.com/title/tt0065858/"
"41","tt0067221","Sun Jan 15 18:03:13 2012","Sun Jan 15 18:03:13 2012","","A Howling in the Woods","TV Movie","Daniel Petrie","6.9","100","1971","thriller","178","1971-11-05","http://www.imdb.com/title/tt0067221/"
"42","tt0068738","Sun Jan 15 18:03:28 2012","Sun Jan 15 18:03:28 2012","","Incident on a Dark Street","TV Movie","Buzz Kulik","4.9","96","1973","crime, drama","124","1973-01-13","http://www.imdb.com/title/tt0068738/"
"43","tt0078330","Sun Jan 15 18:03:38 2012","Sun Jan 15 18:03:38 2012","","Stranger in Our House","TV Movie","Wes Craven","5.4","100","1978","horror, thriller","1279","1978-10-31","http://www.imdb.com/title/tt0078330/"
"44","tt0795403","Sun Jan 15 18:03:48 2012","Sun Jan 15 18:03:48 2012","","The Initiation of Sarah","TV Movie","Stuart Gillard","5.4","90","2006","horror, thriller","1434","2006-10-22","http://www.imdb.com/title/tt0795403/"
"45","tt0087472","Sun Jan 15 18:04:00 2012","Sun Jan 15 18:04:00 2012","","The Initiation","Feature Film","Larry Stewart","5.7","97","1984","horror, mystery, thriller","1472","1984-12-07","http://www.imdb.com/title/tt0087472/"
"46","tt0070229","Sun Jan 15 18:04:14 2012","Sun Jan 15 18:04:14 2012","","Isn't It Shocking?","TV Movie","John Badham","7.1","73","1973","horror","209","1973-10-02","http://www.imdb.com/title/tt0070229/"
"47","tt0230379","Sun Jan 15 18:04:29 2012","Sun Jan 15 18:04:29 2012","","Journey to Midnight","Feature Film","Roy Ward Baker, Alan Gibson","3.4","100","1968","horror","135","1968","http://www.imdb.com/title/tt0230379/"
"48","tt0071717","Sun Jan 15 18:04:40 2012","Sun Jan 15 18:04:40 2012","","Killdozer","TV Movie","Jerry London","5.1","74","1974","horror, sci_fi","904","1974-02-02","http://www.imdb.com/title/tt0071717/"
"49","tt0071718","Sun Jan 15 18:04:58 2012","Sun Jan 15 18:04:58 2012","","Killer Bees","TV Movie","Curtis Harrington","4.6","74","1974","horror","297","1974-02-26","http://www.imdb.com/title/tt0071718/"
"50","tt0073273","Sun Jan 15 18:05:11 2012","Sun Jan 15 18:05:11 2012","","The Legend of Lizzie Borden","TV Movie","Paul Wendkos","7.8","96","1975","drama, history, mystery","1009","1975-02-10","http://www.imdb.com/title/tt0073273/"
"51","tt0066012","Sun Jan 15 18:05:23 2012","Sun Jan 15 18:05:23 2012","","The Love War","TV Movie","George McCowan","6.8","74","1970","sci_fi","157","1970-03-10","http://www.imdb.com/title/tt0066012/"
"52","tt0071548","Sun Jan 15 18:05:49 2012","Sun Jan 15 18:05:49 2012","","Get Christie Love!: Get Christie Love!","TV Episode","William A. Graham","5.5","74","1974","drama, crime","236","1974-01-22","http://www.imdb.com/title/tt0071548/"
"53","tt0066062","Sun Jan 15 18:06:05 2012","Sun Jan 15 18:06:05 2012","","Maybe I'll Come Home in the Spring","TV Movie","Joseph Sargent","6.8","74","1971","drama","364","1971-02-16","http://www.imdb.com/title/tt0066062/"
"54","tt0068967","Sun Jan 15 18:06:15 2012","Sun Jan 15 18:06:15 2012","","Moon of the Wolf","TV Movie","Daniel Petrie","5.0","75","1972","horror","951","1972-09-26","http://www.imdb.com/title/tt0068967/"
"55","tt0073418","Sun Jan 15 18:06:33 2012","Sun Jan 15 18:06:33 2012","","Murder on Flight 502","TV Movie","George McCowan","5.3","97","1975","drama, mystery, thriller","363","1975-11-21","http://www.imdb.com/title/tt0073418/"
"56","tt0067455","Sun Jan 15 18:06:46 2012","Sun Jan 15 18:06:46 2012","","Murder Once Removed","TV Movie","Charles Dubin","6.2","74","1971","drama, mystery, thriller","125","1971-10-29","http://www.imdb.com/title/tt0067455/"
"57","tt0066140","Sun Jan 15 18:06:54 2012","Sun Jan 15 18:06:54 2012","","Night Slaves","TV Movie","Ted Post","6.3","72","1970","mystery, sci_fi","183","1970-09-29","http://www.imdb.com/title/tt0066140/"
"58","tt0074967","Sun Jan 15 18:07:05 2012","Sun Jan 15 18:07:05 2012","","Nightmare in Badham County","TV Movie","John Llewellyn Moxey","6.3","100","1976","drama, thriller","258","1976-11-05","http://www.imdb.com/title/tt0074967/"
"59","tt0070458","Sun Jan 15 18:07:20 2012","Sun Jan 15 18:07:20 2012","","The Norliss Tapes","TV Movie","Dan Curtis","6.5","72","1973","horror","752","1973-02-21","http://www.imdb.com/title/tt0070458/"
"60","tt0075015","Sun Jan 15 18:07:38 2012","Sun Jan 15 18:07:38 2012","","One of My Wives Is Missing","TV Movie","Glenn Jordan","8.1","93","1976","thriller","236","1976-03-05","http://www.imdb.com/title/tt0075015/"
"61","tt0067551","Sun Jan 15 18:07:53 2012","Sun Jan 15 18:07:53 2012","","Paper Man","TV Movie","Walter Grauman","6.3","75","1971","drama, mystery, sci_fi","237","1971-11-12","http://www.imdb.com/title/tt0067551/"
"62","tt0069072","Sun Jan 15 18:08:07 2012","Sun Jan 15 18:08:07 2012","","The People","TV Movie","John Korty","6.8","74","1972","drama, sci_fi","323","1972-01-22","http://www.imdb.com/title/tt0069072/"
"63","tt0060831","Sun Jan 15 18:08:19 2012","Sun Jan 15 18:08:19 2012","","Picture Mommy Dead","Feature Film","Bert I. Gordon","5.1","82","1966","horror, thriller","337","1966-11-02","http://www.imdb.com/title/tt0060831/"
"64","tt0076563","Sun Jan 15 18:08:37 2012","Sun Jan 15 18:08:37 2012","","The Possessed","TV Movie","Jerry Thorpe","5.6","76","1977","horror","333","1977-05-01","http://www.imdb.com/title/tt0076563/"
"65","tt0063452","Sun Jan 15 18:08:58 2012","Sun Jan 15 18:08:58 2012","","The Power","Feature Film","Byron Haskin","6.1","108","1968","thriller, sci_fi","964","1968-02-21","http://www.imdb.com/title/tt0063452/"
"66","tt0070585","Sun Jan 15 18:09:08 2012","Sun Jan 15 18:09:08 2012","","The Questor Tapes","TV Movie","Richard A. Colla","7.2","100","1974","sci_fi","512","1974-01-23","http://www.imdb.com/title/tt0070585/"
"67","tt0084582","Sun Jan 15 18:09:21 2012","Sun Jan 15 18:09:21 2012","","Rehearsal for Murder","TV Movie","David Greene","7.1","96","1982","drama, mystery, thriller","393","1982-05-26","http://www.imdb.com/title/tt0084582/"
"68","tt0067669","Sun Jan 15 18:09:43 2012","Sun Jan 15 18:09:43 2012","","The Resurrection of Zachary Wheeler","Feature Film","Bob Wynn","5.5","100","1971","sci_fi, mystery, thriller","161","1971-11","http://www.imdb.com/title/tt0067669/"
"69","tt0079844","Sun Jan 15 18:09:53 2012","Sun Jan 15 18:09:53 2012","","Salem's Lot","TV Movie","Tobe Hooper","6.8","184","1979","horror","14032","1979-11-17","http://www.imdb.com/title/tt0079844/"
"70","tt0064898","Sun Jan 15 18:10:07 2012","Sun Jan 15 18:10:07 2012","","Ritual of Evil","TV Movie","Robert Day","6.5","100","1970","drama, horror","91","1970-02-23","http://www.imdb.com/title/tt0064898/"
"71","tt0067744","Sun Jan 15 18:10:17 2012","Sun Jan 15 18:10:17 2012","","She Waits","TV Movie","Delbert Mann","6.2","74","1972","horror","142","1972-01-28","http://www.imdb.com/title/tt0067744/"
"72","tt0093855","Sun Jan 15 18:10:36 2012","Sun Jan 15 18:10:36 2012","","A Return to Salem's Lot","Feature Film","Larry Cohen","4.3","101","1987","comedy, horror, thriller","2363","1987-05","http://www.imdb.com/title/tt0093855/"
"73","tt0070633","Sun Jan 15 18:10:49 2012","Sun Jan 15 18:10:49 2012","","Satan's School for Girls","TV Movie","David Lowell Rich","5.1","78","1973","crime, horror, mystery","758","1973-09-19","http://www.imdb.com/title/tt0070633/"
"74","tt0072116","Sun Jan 15 18:11:20 2012","Sun Jan 15 18:11:20 2012","","Savages","TV Movie","Lee H. Katzin","7.1","74","1974","thriller","153","1974-09-11","http://www.imdb.com/title/tt0072116/"
"75","tt0070657","Sun Jan 15 18:11:36 2012","Sun Jan 15 18:11:36 2012","","Scream, Pretty Peggy","TV Movie","Gordon Hessler","7.3","74","1973","drama, horror, mystery, thriller","480","1973-11-24","http://www.imdb.com/title/tt0070657/"
"76","tt0067721","Sun Jan 15 18:11:49 2012","Sun Jan 15 18:11:49 2012","","The Screaming Woman","TV Movie","Jack Smight","7.5","73","1972","horror, drama, thriller","284","1972-01-29","http://www.imdb.com/title/tt0067721/"
"77","tt0076731","Sun Jan 15 18:11:56 2012","Sun Jan 15 18:11:56 2012","","Snowbeast","TV Movie","Herb Wallerstein","4.6","86","1977","horror","1081","1977-04-28","http://www.imdb.com/title/tt0076731/"
"78","tt0069298","Sun Jan 15 18:12:08 2012","Sun Jan 15 18:12:08 2012","","Something Evil","TV Movie","Steven Spielberg","5.6","73","1972","horror","929","1972-01-21","http://www.imdb.com/title/tt0069298/"
"79","tt0076747","Sun Jan 15 18:12:18 2012","Sun Jan 15 18:12:18 2012","","The Spell","TV Movie","Lee Philips","5.8","86","1977","horror","386","1977-02-20","http://www.imdb.com/title/tt0076747/"
"80","tt0069321","Sun Jan 15 18:12:30 2012","Sun Jan 15 18:12:30 2012","","The Strangers in 7A","TV Movie","Paul Wendkos","6.1","74","1972","crime, drama, thriller","90","1972-11-14","http://www.imdb.com/title/tt0069321/"
"81","tt0067828","Sun Jan 15 18:12:40 2012","Sun Jan 15 18:12:40 2012","","A Taste of Evil","TV Movie","John Llewellyn Moxey","6.8","73","1971","horror, thriller","248","1971-10-12","http://www.imdb.com/title/tt0067828/"
"82","tt0067835","Sun Jan 15 18:12:52 2012","Sun Jan 15 18:12:52 2012","","A Tattered Web","TV Movie","Paul Wendkos","5.6","74","1971","crime, drama, mystery","140","1971-09-24","http://www.imdb.com/title/tt0067835/"
"83","tt0058659","Sun Jan 15 18:13:07 2012","Sun Jan 15 18:13:07 2012","","The Time Travelers","Feature Film","Ib Melchior","6.0","82","1964","sci_fi","859","1964-10-29","http://www.imdb.com/title/tt0058659/"
"84","tt0070828","Sun Jan 15 18:13:30 2012","Sun Jan 15 18:13:30 2012","","Trapped","TV Movie","Frank DeFelitta","7.1","90","1973","action, drama","214","1973-11-14","http://www.imdb.com/title/tt0070828/"
"85","tt0073820","Sun Jan 15 18:13:51 2012","Sun Jan 15 18:13:51 2012","","Trilogy of Terror","TV Movie","Dan Curtis","6.8","72","1975","horror, thriller","3557","1975-03-04","http://www.imdb.com/title/tt0073820/"
"86","tt0217142","Sun Jan 15 18:14:06 2012","Sun Jan 15 18:14:06 2012","","A Warning to the Curious","TV Movie","","7.5","50","1972","drama, horror","595","1972-12-24","http://www.imdb.com/title/tt0217142/"
"87","tt0087480","Sun Jan 15 18:14:20 2012","Sun Jan 15 18:14:20 2012","","Invitation to Hell","TV Movie","Wes Craven","4.9","96","1984","horror, sci_fi, thriller","818","1984-05-24","http://www.imdb.com/title/tt0087480/"
"88","tt0067977","Sun Jan 15 18:14:32 2012","Sun Jan 15 18:14:32 2012","","When Michael Calls","TV Movie","Philip Leacock","6.2","73","1972","horror, thriller","419","1972-02-05","http://www.imdb.com/title/tt0067977/"
"89","tt0072400","Sun Jan 15 18:14:50 2012","Sun Jan 15 18:14:50 2012","","Where Have All the People Gone","TV Movie","John Llewellyn Moxey","6.5","74","1974","sci_fi","702","1974-10-08","http://www.imdb.com/title/tt0072400/"
"90","tt0069510","Sun Jan 15 18:15:31 2012","Sun Jan 15 18:15:31 2012","","The Woman Hunter","TV Movie","Bernard L. Kowalski","4.8","74","1972","mystery","139","1972-09-19","http://www.imdb.com/title/tt0069510/"
"91","tt0068390","Sun Jan 15 18:15:56 2012","Sun Jan 15 18:15:56 2012","","A Cold Night's Death","TV Movie","Jerrold Freedman","7.2","74","1973","horror, sci_fi, thriller","441","1973-01-30","http://www.imdb.com/title/tt0068390/"
"92","tt0059083","Sun Jan 15 18:16:06 2012","Sun Jan 15 18:16:06 2012","","Dark Intruder","Feature Film","Harvey Hart","6.5","59","1965","horror, mystery","140","1965-07-21","http://www.imdb.com/title/tt0059083/"
"93","tt0067811","Sun Jan 15 18:16:21 2012","Sun Jan 15 18:16:21 2012","","Sweet, Sweet Rachel","TV Movie","Sutton Roley","6.8","71","1971","horror, thriller","97","1971-10-02","http://www.imdb.com/title/tt0067811/"
"94","tt0083192","Sun Jan 15 18:16:34 2012","Sun Jan 15 18:16:34 2012","","This House Possessed","TV Movie","William Wiard","6.0","96","1981","horror, thriller","266","1981-02-06","http://www.imdb.com/title/tt0083192/"
"95","tt0083772","Sun Jan 15 18:17:34 2012","Sun Jan 15 18:17:34 2012","","Cry for the Strangers","TV Movie","Peter Medak","5.1","97","1982","mystery, thriller","175","1982-02-11","http://www.imdb.com/title/tt0083772/"
"96","tt0067490","Sun Jan 15 18:19:24 2012","Sun Jan 15 18:19:24 2012","","The Night Stalker","TV Movie","John Llewellyn Moxey","7.8","74","1972","horror, mystery","3379","1972-01-11","http://www.imdb.com/title/tt0067490/"
"97","tt0069002","Sun Jan 15 18:19:38 2012","Sun Jan 15 18:19:38 2012","","The Night Strangler","TV Movie","Dan Curtis","7.6","74","1973","crime, horror, mystery, thriller","1556","1973-01-16","http://www.imdb.com/title/tt0069002/"
"98","tt0059837","Sun Jan 15 18:22:42 2012","Sun Jan 15 18:22:42 2012","","Two on a Guillotine","Feature Film","William Conrad","6.1","107","1965","mystery, horror","566","1965-01-13","http://www.imdb.com/title/tt0059837/"
"99","tt0070152","Sun Jan 15 18:22:55 2012","Fri Feb  3 15:58:29 2012","Run Stranger Run","Happy Mother's Day, Love George","Feature Film","Darren McGavin","5.9","90","1973","mystery","101","1973-08-17","http://www.imdb.com/title/tt0070152/"
"100","tt0062309","Sun Jan 15 18:23:07 2012","Sun Jan 15 18:23:07 2012","","Stranger on the Run","TV Movie","Donald Siegel","6.6","97","1967","drama, thriller, western","254","1967-10-31","http://www.imdb.com/title/tt0062309/"
"101","tt0082487","Sun Jan 15 18:23:49 2012","Sun Jan 15 18:23:49 2012","","A Gun in the House","TV Movie","Ivan Nagy","5.8","100","1981","drama","79","1981-02-11","http://www.imdb.com/title/tt0082487/"
"102","tt0122722","Sun Jan 15 18:24:04 2012","Sun Jan 15 18:24:04 2012","","So Sad About Gloria","Feature Film","Harry Thomason","5.5","90","1975","horror, thriller","60","1975-10","http://www.imdb.com/title/tt0122722/"
"103","tt0075900","Sun Jan 15 18:24:27 2012","Sun Jan 15 18:24:27 2012","","Curse of the Black Widow","TV Movie","Dan Curtis","6.2","100","1977","crime, horror, mystery, sci_fi","278","1977-09-16","http://www.imdb.com/title/tt0075900/"
"104","tt0065857","Sun Jan 15 18:24:44 2012","Sun Jan 15 18:24:44 2012","","House on Greenapple Road","TV Movie","Robert Day","7.0","120","1970","crime, drama","147","1970-01-11","http://www.imdb.com/title/tt0065857/"
"105","tt0066179","Sun Jan 15 18:25:25 2012","Sun Jan 15 18:25:25 2012","","The Old Man Who Cried Wolf","TV Movie","Walter Grauman","6.8","73","1970","thriller","115","1970-10-13","http://www.imdb.com/title/tt0066179/"
"106","tt0067240","Sun Jan 15 18:25:38 2012","Sun Jan 15 18:25:38 2012","","In Broad Daylight","TV Movie","Robert Day","7.5","75","1971","crime, drama","60","1971-10-16","http://www.imdb.com/title/tt0067240/"
"107","tt0066972","Sun Jan 15 18:27:15 2012","Sun Jan 15 18:27:15 2012","","The Deadly Dream","TV Movie","Alf Kjellin","7.3","73","1971","drama, thriller","125","1971-09-25","http://www.imdb.com/title/tt0066972/"
"108","tt0067080","Sun Jan 15 18:27:29 2012","Sun Jan 15 18:27:29 2012","","The Failing of Raymond","TV Movie","Boris Sagal","7.2","73","1971","drama, thriller","30","1971-11-27","http://www.imdb.com/title/tt0067080/"
"109","tt0066991","Sun Jan 15 18:27:42 2012","Sun Jan 15 18:27:42 2012","","The Devil and Miss Sarah","TV Movie","Michael Caffey","5.7","90","1971","horror, western","29","1971-12-04","http://www.imdb.com/title/tt0066991/"
"110","tt0068561","Sun Jan 15 18:27:56 2012","Sun Jan 15 18:27:56 2012","","The Eyes of Charles Sand","TV Movie","Reza Badiyi","6.1","75","1972","thriller","111","1972-02-29","http://www.imdb.com/title/tt0068561/"
"111","tt0068875","Sun Jan 15 18:28:06 2012","Sun Jan 15 18:28:06 2012","","The Longest Night","TV Movie","Jack Smight","7.5","74","1972","drama","96","1972-09-12","http://www.imdb.com/title/tt0068875/"
"112","tt0069003","Sun Jan 15 18:28:20 2012","Sun Jan 15 18:28:20 2012","","Night of Terror","TV Movie","Jeannot Szwarc","7.2","73","1972","thriller","107","1972-10-10","http://www.imdb.com/title/tt0069003/"
"113","tt0068708","Sun Jan 15 18:28:32 2012","Sun Jan 15 18:28:32 2012","","Home for the Holidays","TV Movie","John Llewellyn Moxey","7.0","73","1972","drama, horror, mystery, thriller","400","1972-11-28","http://www.imdb.com/title/tt0068708/"
"114","tt0070943","Sun Jan 15 18:28:49 2012","Sun Jan 15 18:28:49 2012","","You'll Never See Me Again","TV Movie","Jeannot Szwarc","7.5","73","1973","mystery","111","1973-02-28","http://www.imdb.com/title/tt0070943/"
"115","tt0070682","Sun Jan 15 18:29:07 2012","Sun Jan 15 18:29:07 2012","","She Cried Murder","TV Movie","Herschel Daugherty","6.0","74","1973","action, thriller","68","1973-09-25","http://www.imdb.com/title/tt0070682/"
"116","tt0071611","Sun Jan 15 18:29:20 2012","Sun Jan 15 18:29:20 2012","","Hitchhike!","TV Movie","Gordon Hessler","6.4","90","1974","thriller","65","1974-02-23","http://www.imdb.com/title/tt0071611/"
"117","tt0067349","Sun Jan 15 18:29:31 2012","Sun Jan 15 18:29:31 2012","","A Little Game","TV Movie","Paul Wendkos","7.2","73","1971","drama, mystery, thriller","58","1971-10-30","http://www.imdb.com/title/tt0067349/"
"118","tt0072857","Sun Jan 15 18:29:41 2012","Sun Jan 15 18:29:41 2012","","Death Scream","TV Movie","Richard T. Heffron","6.6","96","1975","crime, drama","119","1975-09-26","http://www.imdb.com/title/tt0072857/"
"119","tt0076187","Sun Jan 15 18:29:53 2012","Sun Jan 15 18:29:53 2012","","In the Glitter Palace","TV Movie","Robert Butler","5.8","97","1977","crime, drama","42","1977-02-23","http://www.imdb.com/title/tt0076187/"
"120","tt0072817","Sun Jan 15 18:30:11 2012","Sun Jan 15 18:30:11 2012","","Conspiracy of Terror","TV Movie","John Llewellyn Moxey","5.3","78","1975","drama","41","1975-12-29","http://www.imdb.com/title/tt0072817/"
"121","tt0076457","Sun Jan 15 18:30:38 2012","Sun Jan 15 18:30:38 2012","","Night Drive","TV Movie","E.W. Swackhamer","7.0","73","1977","thriller","263","1977-02-07","http://www.imdb.com/title/tt0076457/"
"122","tt0076771","Sun Jan 15 18:30:51 2012","Sun Jan 15 18:30:51 2012","","The Strange Possession of Mrs. Oliver","TV Movie","Gordon Hessler","5.7","78","1977","mystery, thriller","117","1977-02-28","http://www.imdb.com/title/tt0076771/"
"123","tt0077990","Sun Jan 15 18:31:03 2012","Sun Jan 15 18:31:03 2012","","Night Cries","TV Movie","Richard Lang","6.9","100","1978","drama, horror","50","1978-01-29","http://www.imdb.com/title/tt0077990/"
"124","tt0077400","Sun Jan 15 18:31:16 2012","Sun Jan 15 18:31:16 2012","","The Darker Side of Terror","TV Movie","Gus Trikonis","5.1","96","1979","drama, horror, sci_fi, romance","87","1979-04-03","http://www.imdb.com/title/tt0077400/"
"125","tt0077382","Sun Jan 15 18:31:35 2012","Sun Jan 15 18:31:35 2012","","Cruise Into Terror","TV Movie","Bruce Kessler","5.5","100","1978","thriller, horror","151","1978-02-03","http://www.imdb.com/title/tt0077382/"
"126","tt0082616","Sun Jan 15 18:31:48 2012","Sun Jan 15 18:31:48 2012","","Killjoy","TV Movie","John Llewellyn Moxey","6.9","96","1981","mystery, thriller","244","1981-10-22","http://www.imdb.com/title/tt0082616/"
"127","tt0071186","Sun Jan 15 18:31:59 2012","Sun Jan 15 18:31:59 2012","","Bad Ronald","TV Movie","Buzz Kulik","7.0","74","1974","drama, horror, thriller","1337","1974-10-23","http://www.imdb.com/title/tt0071186/"
"128","tt0085422","Sun Jan 15 18:32:18 2012","Sun Jan 15 18:32:18 2012","","The Demon Murder Case","TV Movie","William Hale","5.3","97","1983","horror, thriller","114","1983-03-06","http://www.imdb.com/title/tt0085422/"
"129","tt0079223","Sun Jan 15 18:32:33 2012","Sun Jan 15 18:32:33 2012","","The Golden Gate Murders","TV Movie","Walter Grauman","7.1","104","1979","mystery, thriller","96","1979-10-03","http://www.imdb.com/title/tt0079223/"
"130","tt0073676","Sun Jan 15 18:32:47 2012","Sun Jan 15 18:32:47 2012","","The Secret Night Caller","TV Movie","Jerry Jameson","7.7","74","1975","drama","26","1975-02-18","http://www.imdb.com/title/tt0073676/"
"131","tt0066552","Sun Jan 15 18:33:00 2012","Sun Jan 15 18:33:00 2012","","Weekend of Terror","TV Movie","Jud Taylor","6.6","74","1970","thriller","120","1970-12-08","http://www.imdb.com/title/tt0066552/"
"132","tt0070683","Sun Jan 15 18:33:11 2012","Sun Jan 15 18:33:11 2012","","She Lives!","TV Movie","Stuart Hagmann","7.7","74","1973","drama","78","1973-09-12","http://www.imdb.com/title/tt0070683/"
"133","tt0071878","Sun Jan 15 18:33:25 2012","Sun Jan 15 18:33:25 2012","","Murder or Mercy","TV Movie","Harvey Hart","6.7","73","1974","drama","11","1974-04-10","http://www.imdb.com/title/tt0071878/"
"134","tt0066269","Sun Jan 15 18:33:39 2012","Sun Jan 15 18:33:39 2012","","Quarantined","TV Movie","Leo Penn","7.4","74","1970","drama","18","1970-02-24","http://www.imdb.com/title/tt0066269/"
"135","tt0073819","Sun Jan 15 18:34:00 2012","Sun Jan 15 18:34:00 2012","","The Trial of Chaplain Jensen","TV Movie","Robert Day","6.2","73","1975","drama","17","1975-02-11","http://www.imdb.com/title/tt0073819/"
"136","tt0197737","Sun Jan 15 18:34:13 2012","Sun Jan 15 18:34:13 2012","","The Nurse Killer","TV Movie","","6.7","90","1975","","6","1975-03-31","http://www.imdb.com/title/tt0197737/"
"137","tt0089757","Sun Jan 15 18:34:23 2012","Sun Jan 15 18:34:23 2012","","Out of the Darkness","TV Movie","Jud Taylor","6.4","120","1985","crime, drama, thriller","266","1985-10-12","http://www.imdb.com/title/tt0089757/"
"138","tt0070012","Sun Jan 15 18:34:53 2012","Sun Jan 15 18:34:53 2012","","Dying Room Only","TV Movie","Philip Leacock","7.3","74","1973","mystery, thriller, horror","338","1973-09-18","http://www.imdb.com/title/tt0070012/"
"139","tt0064965","Sun Jan 15 18:35:21 2012","Sun Jan 15 18:35:21 2012","","Seven in Darkness","TV Movie","Michael Caffey","7.0","74","1969","adventure, drama","102","1969-09-23","http://www.imdb.com/title/tt0064965/"
"140","tt0064438","Sun Jan 15 18:36:40 2012","Sun Jan 15 18:36:40 2012","","Honeymoon with a Stranger","TV Movie","John Peyser","7.0","74","1969","thriller","54","1969-12-23","http://www.imdb.com/title/tt0064438/"
"141","tt0066572","Sun Jan 15 18:37:08 2012","Sun Jan 15 18:37:08 2012","","Wild Women","TV Movie","Don Taylor","6.2","74","1970","action, adventure, drama, western","47","1970-10-20","http://www.imdb.com/title/tt0066572/"
"142","tt0066054","Sun Jan 15 18:37:27 2012","Sun Jan 15 18:37:27 2012","","The Man Who Wanted to Live Forever","TV Movie","John Trent","5.4","75","1970","thriller","33","1970-11-20","http://www.imdb.com/title/tt0066054/"
"143","tt0066975","Sun Jan 15 18:37:45 2012","Sun Jan 15 18:37:45 2012","","Death Takes a Holiday","TV Movie","Robert Butler","7.7","90","1971","fantasy, drama","153","1971-10-23","http://www.imdb.com/title/tt0066975/"
"144","tt0067728","Sun Jan 15 18:38:05 2012","Sun Jan 15 18:38:05 2012","","See the Man Run","TV Movie","Corey Allen","7.9","73","1971","action, thriller, drama","61","1971-12-11","http://www.imdb.com/title/tt0067728/"
"145","tt0067996","Sun Jan 15 18:38:22 2012","Sun Jan 15 18:38:22 2012","","Women in Chains","TV Movie","Bernard L. Kowalski","6.1","74","1972","drama","116","1972-01-25","http://www.imdb.com/title/tt0067996/"
"146","tt0069368","Sun Jan 15 18:38:51 2012","Sun Jan 15 18:38:51 2012","","That Certain Summer","TV Movie","Lamont Johnson","7.8","73","1972","drama","289","1972-11-01","http://www.imdb.com/title/tt0069368/"
"147","tt0339405","Sun Jan 15 18:39:07 2012","Sun Jan 15 18:39:07 2012","","The Victims","TV Movie","Walter Eysselinck","","","1969","drama","0","1969-03-18","http://www.imdb.com/title/tt0339405/"
"148","tt0070710","Sun Jan 15 18:39:42 2012","Sun Jan 15 18:39:42 2012","","Snatched","TV Movie","Sutton Roley","6.4","73","1973","crime, drama, thriller","52","1973-01-31","http://www.imdb.com/title/tt0070710/"
"149","tt0072217","Sun Jan 15 18:39:56 2012","Sun Jan 15 18:39:56 2012","","The Strange and Deadly Occurrence","TV Movie","John Llewellyn Moxey","6.1","78","1974","drama, horror","164","1974-09-24","http://www.imdb.com/title/tt0072217/"
"150","tt0069961","Sun Jan 15 18:40:17 2012","Sun Jan 15 18:40:17 2012","","Deliver Us from Evil","TV Movie","Boris Sagal","7.4","75","1973","crime, drama","102","1973-09-11","http://www.imdb.com/title/tt0069961/"
"151","tt0071372","Sun Jan 15 18:42:03 2012","Sun Jan 15 18:42:03 2012","","Cry Panic","TV Movie","James Goldstone","6.5","74","1974","mystery, thriller","100","1974-02-06","http://www.imdb.com/title/tt0071372/"
"152","tt0071463","Sun Jan 15 18:42:18 2012","Sun Jan 15 18:42:18 2012","","The Elevator","TV Movie","Jerry Jameson","5.0","75","1974","thriller, drama","88","1974-02-09","http://www.imdb.com/title/tt0071463/"
"153","tt0101983","Sun Jan 15 18:44:03 2012","Sun Jan 15 18:44:03 2012","","Guilty as Charged","Feature Film","Sam Irvin","5.5","95","1991","comedy, crime","245","1991-08-01","http://www.imdb.com/title/tt0101983/"
"154","tt0094036","Sun Jan 15 18:44:40 2012","Sun Jan 15 18:44:40 2012","","The Stepford Children","TV Movie","Alan J. Levi","5.3","96","1987","sci_fi, thriller","233","1987-03-15","http://www.imdb.com/title/tt0094036/"
"155","tt0067926","Sun Jan 15 18:45:51 2012","Sun Jan 15 18:45:51 2012","","Vanished","TV Movie","Buzz Kulik","7.7","196","1971","crime, drama, mystery","72","1971-03-08","http://www.imdb.com/title/tt0067926/"
"156","tt0067078","Sun Jan 15 18:46:05 2012","Sun Jan 15 18:46:05 2012","","The Face of Fear","TV Movie","George McCowan","6.3","75","1971","drama, thriller","39","1971-10-08","http://www.imdb.com/title/tt0067078/"
"157","tt0066971","Sun Jan 15 18:46:22 2012","Sun Jan 15 18:46:22 2012","","Dead Men Tell No Tales","TV Movie","Walter Grauman","6.6","75","1971","drama","18","1971-12-17","http://www.imdb.com/title/tt0066971/"
"158","tt0071911","Sun Jan 15 18:47:23 2012","Sun Jan 15 18:47:23 2012","","Nightmare","TV Movie","William Hale","6.1","73","1974","crime, drama, thriller","38","1974-01-08","http://www.imdb.com/title/tt0071911/"
"159","tt0073897","Sun Jan 15 18:48:03 2012","Sun Jan 15 18:48:03 2012","","Who Is the Black Dahlia?","TV Movie","Joseph Pevney","7.3","100","1975","biography, mystery","236","1975-03-01","http://www.imdb.com/title/tt0073897/"
"160","tt0071272","Sun Jan 15 18:48:17 2012","Sun Jan 15 18:48:17 2012","","Can Ellen Be Saved?","TV Movie","Harvey Hart","5.6","90","1974","drama","36","1974-02-05","http://www.imdb.com/title/tt0071272/"
"161","tt0071993","Sun Jan 15 18:48:33 2012","Sun Jan 15 18:48:33 2012","","The Phantom of Hollywood","TV Movie","Gene Levitt","6.1","74","1974","drama, horror, thriller","174","1974-02-12","http://www.imdb.com/title/tt0071993/"
"162","tt0072219","Sun Jan 15 18:48:48 2012","Sun Jan 15 18:48:48 2012","","The Stranger Within","TV Movie","Lee Philips","6.3","74","1974","horror, mystery, sci_fi","258","1974-10-01","http://www.imdb.com/title/tt0072219/"
"163","tt0071769","Sun Jan 15 18:48:59 2012","Sun Jan 15 18:48:59 2012","","Locusts","TV Movie","Richard T. Heffron","4.7","74","1974","drama, horror","108","1974-10-09","http://www.imdb.com/title/tt0071769/"
"164","tt0071965","Sun Jan 15 18:49:23 2012","Sun Jan 15 18:49:23 2012","","Panic on the 5:22","TV Movie","Harvey Hart","5.3","73","1974","action, crime, thriller, drama","26","1974-11-20","http://www.imdb.com/title/tt0071965/"
"165","tt0072070","Sun Jan 15 18:49:36 2012","Sun Jan 15 18:49:36 2012","","Reflections of Murder","TV Movie","John Badham","7.2","100","1974","horror, thriller, mystery","178","1974-11-24","http://www.imdb.com/title/tt0072070/"
"166","tt0071848","Sun Jan 15 18:49:48 2012","Sun Jan 15 18:49:48 2012","","The Missing Are Deadly","TV Movie","Don McDougall","6.2","73","1975","thriller","39","1975-01-08","http://www.imdb.com/title/tt0071848/"
"167","tt0071401","Sun Jan 15 18:49:59 2012","Sun Jan 15 18:49:59 2012","","Death Stalk","TV Movie","Robert Day","5.9","73","1975","crime, drama","62","1975-01-21","http://www.imdb.com/title/tt0071401/"
"168","tt0073454","Sun Jan 15 18:50:17 2012","Sun Jan 15 18:50:17 2012","","The Night That Panicked America","TV Movie","Joseph Sargent","7.1","92","1975","drama","517","1975-10-31","http://www.imdb.com/title/tt0073454/"
"169","tt0066133","Sun Jan 15 18:50:35 2012","Sun Jan 15 18:50:35 2012","","The Neon Ceiling","TV Movie","Frank Pierson","8.2","100","1971","drama","112","1971-02-08","http://www.imdb.com/title/tt0066133/"
"170","tt0077223","Sun Jan 15 18:51:02 2012","Sun Jan 15 18:51:02 2012","","The Bermuda Depths","TV Movie","Tom Kotani","6.1","98","1978","adventure, fantasy, sci_fi, thriller","467","1978-01-27","http://www.imdb.com/title/tt0077223/"
"171","tt0077610","Sun Jan 15 18:51:22 2012","Sun Jan 15 18:51:22 2012","","The Ghost of Flight 401","TV Movie","Steven Hilliard Stern","6.1","100","1978","mystery, drama, thriller","351","1978-02-18","http://www.imdb.com/title/tt0077610/"
"172","tt0077469","Sun Jan 15 18:51:47 2012","Sun Jan 15 18:51:47 2012","","Dr. Strange","TV Movie","Philip DeGuere","5.5","93","1978","fantasy","685","1978-09-06","http://www.imdb.com/title/tt0077469/"
"173","tt0077174","Sun Jan 15 18:52:14 2012","Sun Jan 15 18:52:14 2012","","Are You in the House Alone?","TV Movie","Walter Grauman","5.8","96","1978","drama, horror, thriller","585","1978-09-20","http://www.imdb.com/title/tt0077174/"
"174","tt0088265","Sun Jan 15 18:52:45 2012","Sun Jan 15 18:52:45 2012","","Through Naked Eyes","TV Movie","John Llewellyn Moxey","6.0","91","1983","thriller","110","1983-12-11","http://www.imdb.com/title/tt0088265/"
"175","tt0082821","Sun Jan 15 18:53:01 2012","Sun Jan 15 18:53:01 2012","","No Place to Hide","TV Movie","John Llewellyn Moxey","6.7","100","1981","drama, horror, mystery, thriller","172","1981-03-04","http://www.imdb.com/title/tt0082821/"
"176","tt0088998","Sun Jan 15 18:53:14 2012","Sun Jan 15 18:53:14 2012","","Deadly Messages","TV Movie","Jack Bender","6.2","120","1985","thriller","174","1985-02-21","http://www.imdb.com/title/tt0088998/"
"177","tt0079593","Sun Jan 15 18:53:27 2012","Sun Jan 15 18:53:27 2012","","Murder by Natural Causes","TV Movie","Robert Day","8.1","100","1979","drama, mystery","277","1979-02-17","http://www.imdb.com/title/tt0079593/"
"178","tt0079898","Sun Jan 15 18:53:48 2012","Sun Jan 15 18:53:48 2012","","She's Dressed to Kill","TV Movie","Gus Trikonis","5.9","100","1979","crime, mystery","72","1979-12-10","http://www.imdb.com/title/tt0079898/"
"179","tt0080407","Sun Jan 15 18:53:58 2012","Sun Jan 15 18:53:58 2012","","The Babysitter","TV Movie","Peter Medak","5.8","96","1980","drama, thriller","435","1980-11-28","http://www.imdb.com/title/tt0080407/"
"180","tt0083292","Sun Jan 15 18:54:28 2012","Sun Jan 15 18:54:28 2012","","The Violation of Sarah McDavid","TV Movie","John Llewellyn Moxey","6.6","100","1981","drama","90","1981-05-19","http://www.imdb.com/title/tt0083292/"
"181","tt0085791","Sun Jan 15 18:55:27 2012","Sun Jan 15 18:55:27 2012","","A Killer in the Family","TV Movie","Richard T. Heffron","7.1","90","1983","crime, drama, thriller","340","1983-10-30","http://www.imdb.com/title/tt0085791/"
"182","tt0086464","Sun Jan 15 18:55:57 2012","Sun Jan 15 18:55:57 2012","","Trackdown: Finding the Goodbar Killer","TV Movie","Bill Persky","6.2","100","1983","crime, drama, mystery, thriller","66","1983-10-15","http://www.imdb.com/title/tt0086464/"
"183","tt0085410","Sun Jan 15 18:56:16 2012","Sun Jan 15 18:56:16 2012","","Deadly Lessons","TV Movie","William Wiard","5.9","100","1983","thriller","117","1983-03-07","http://www.imdb.com/title/tt0085410/"
"184","tt0071605","Sun Jan 15 18:57:19 2012","Sun Jan 15 18:57:19 2012","","Heatwave!","TV Movie","Jerry Jameson","6.7","90","1974","drama","79","1974-01-26","http://www.imdb.com/title/tt0071605/"
"185","tt0218353","Sun Jan 15 18:57:58 2012","Sun Jan 15 18:57:58 2012","","The Invasion of Carol Enders","TV Movie","Burt Brinckerhoff","6.9","66","1973","drama, sci_fi, thriller, horror, mystery","26","1973","http://www.imdb.com/title/tt0218353/"
"186","tt0068644","Sun Jan 15 18:58:08 2012","Sun Jan 15 18:58:08 2012","","Go Ask Alice","TV Movie","John Korty","6.5","74","1973","drama","589","1973-01-24","http://www.imdb.com/title/tt0068644/"
"187","tt0064725","Mon Jan 16 03:04:02 2012","Mon Jan 16 03:04:02 2012","","Night Gallery: Night Gallery","TV Episode","Boris Sagal, Barry Shear","7.3","98","1969","drama, fantasy, horror, mystery, sci_fi, thriller","1166","1969-11-08","http://www.imdb.com/title/tt0064725/"
"188","tt0075166","Mon Jan 16 03:05:26 2012","Mon Jan 16 03:05:26 2012","","The Savage Bees","TV Movie","Bruce Geller","5.0","90","1976","horror, thriller","323","1976-11-22","http://www.imdb.com/title/tt0075166/"
"189","tt0072698","Mon Jan 16 03:06:26 2012","Mon Jan 16 03:06:26 2012","","Beyond the Bermuda Triangle","TV Movie","William A. Graham","5.0","74","1975","drama, sci_fi, mystery","142","1975-11-06","http://www.imdb.com/title/tt0072698/"
"190","tt0066864","Mon Jan 16 03:07:03 2012","Mon Jan 16 03:07:03 2012","","The Brotherhood of the Bell","TV Movie","Paul Wendkos","7.3","100","1970","drama, thriller","390","1970-09-17","http://www.imdb.com/title/tt0066864/"
"191","tt0069855","Mon Jan 16 03:07:15 2012","Mon Jan 16 03:07:15 2012","","The Cat Creature","TV Movie","Curtis Harrington","5.8","72","1973","horror","206","1973-12-11","http://www.imdb.com/title/tt0069855/"
"192","tt0077411","Mon Jan 16 03:08:47 2012","Mon Jan 16 03:08:47 2012","","Death Moon","TV Movie","Bruce Kessler","4.0","90","1978","horror, mystery","153","1978-05-31","http://www.imdb.com/title/tt0077411/"
"193","tt0079036","Mon Jan 16 03:09:14 2012","Mon Jan 16 03:09:14 2012","","The Death of Ocean View Park","TV Movie","E.W. Swackhamer","6.1","100","1979","thriller","98","1979-10-19","http://www.imdb.com/title/tt0079036/"
"194","tt0071400","Mon Jan 16 03:10:40 2012","Mon Jan 16 03:10:59 2012","aka Murder One","Death Sentence","TV Movie","E.W. Swackhamer","5.5","74","1974","crime, mystery, thriller","176","1974-10-02","http://www.imdb.com/title/tt0071400/"
"195","tt0077429","Mon Jan 16 03:11:24 2012","Mon Jan 16 03:11:24 2012","","Devil Dog: The Hound of Hell","TV Movie","Curtis Harrington","5.2","95","1978","thriller, horror","756","1978-10-31","http://www.imdb.com/title/tt0077429/"
"196","tt0079129","Mon Jan 16 03:12:48 2012","Mon Jan 16 03:12:48 2012","","Supertrain: Express to Terror","TV Episode","Dan Curtis","5.5","120","1979","comedy, drama","26","1979-02-07","http://www.imdb.com/title/tt0079129/"
"197","tt0068568","Mon Jan 16 03:14:10 2012","Mon Jan 16 03:14:10 2012","","Family Flight","TV Movie","Marvin Chomsky","6.5","73","1972","drama","47","1972-10-25","http://www.imdb.com/title/tt0068568/"
"198","tt0071494","Mon Jan 16 03:14:25 2012","Mon Jan 16 03:14:25 2012","","Fer-de-Lance","TV Movie","Russel Mayberry","5.7","100","1974","adventure, thriller","83","1974-10-18","http://www.imdb.com/title/tt0071494/"
"199","tt0076031","Mon Jan 16 03:15:33 2012","Mon Jan 16 03:15:33 2012","","Fire!","TV Movie","Earl Bellamy","5.2","100","1977","drama, action","175","1977-05-08","http://www.imdb.com/title/tt0076031/"
"200","tt0077553","Mon Jan 16 03:15:54 2012","Mon Jan 16 03:15:54 2012","","A Fire in the Sky","TV Movie","Jerry Jameson","6.2","180","1978","sci_fi, drama","279","1978-11-26","http://www.imdb.com/title/tt0077553/"
"201","tt0097022","Mon Jan 16 03:16:06 2012","Mon Jan 16 03:16:06 2012","","The Case of the Hillside Stranglers","TV Movie","Steve Gethers","6.1","120","1989","crime, drama, thriller","396","1989-04-02","http://www.imdb.com/title/tt0097022/"
"202","tt0074537","Mon Jan 16 03:16:36 2012","Mon Jan 16 03:16:36 2012","","Flood!","TV Movie","Earl Bellamy","5.2","100","1976","adventure","246","1976-11-24","http://www.imdb.com/title/tt0074537/"
"203","tt0285569","Mon Jan 16 03:17:00 2012","Mon Jan 16 03:17:00 2012","","The Force of Evil","TV Movie","Richard Lang","7.4","100","1977","thriller","65","1977-03-13","http://www.imdb.com/title/tt0285569/"
"204","tt0079267","Mon Jan 16 03:17:42 2012","Mon Jan 16 03:17:42 2012","","Hanging by a Thread","TV Movie","Georg Fenady","5.7","190","1979","drama, adventure","55","1979-05-08","http://www.imdb.com/title/tt0079267/"
"205","tt0071638","Mon Jan 16 03:18:25 2012","Mon Jan 16 03:18:25 2012","","Hurricane","TV Movie","Jerry Jameson","4.5","74","1974","drama","132","1974-09-10","http://www.imdb.com/title/tt0071638/"
"206","tt0076214","Mon Jan 16 03:18:53 2012","Mon Jan 16 03:19:00 2012","aka Ants","Ants","TV Movie","Robert Scheerer","5.0","95","1977","drama, horror, thriller","545","1977-12-02","http://www.imdb.com/title/tt0076214/"
"207","tt0076264","Mon Jan 16 03:19:21 2012","Mon Jan 16 03:19:21 2012","","Killer on Board","TV Movie","Philip Leacock","6.3","95","1977","drama","47","1977-10-10","http://www.imdb.com/title/tt0076264/"
"208","tt0272169","Mon Jan 16 03:20:34 2012","Mon Jan 16 03:20:34 2012","","The ABC Afternoon Playbreak: Last Bride of Salem","TV Episode","Tom Donovan","6.2","85","1972","comedy, drama","29","1974-05-08","http://www.imdb.com/title/tt0272169/"
"209","tt0074815","Mon Jan 16 03:22:37 2012","Mon Jan 16 03:22:37 2012","","Look What's Happened to Rosemary's Baby","TV Movie","Sam O'Steen","3.3","100","1976","horror","504","1976-10-29","http://www.imdb.com/title/tt0074815/"
"210","tt0071209","Mon Jan 16 03:23:00 2012","Mon Jan 16 03:23:04 2012","","Betrayal","TV Movie","Gordon Hessler","5.8","74","1974","drama, thriller","50","1974-12-03","http://www.imdb.com/title/tt0071209/"
"211","tt0074881","Mon Jan 16 03:23:26 2012","Mon Jan 16 03:23:26 2012","","Mayday at 40,000 Feet!","TV Movie","Robert Butler","5.4","100","1976","adventure, crime, drama","182","1976-11-12","http://www.imdb.com/title/tt0074881/"
"212","tt0076458","Mon Jan 16 03:29:16 2012","Mon Jan 16 03:29:16 2012","","The Night They Took Miss Beautiful","TV Movie","Robert Michael Lewis","4.4","100","1977","drama","83","1977-10-24","http://www.imdb.com/title/tt0076458/"
"213","tt0070489","Mon Jan 16 03:29:42 2012","Mon Jan 16 03:29:42 2012","","Ordeal","TV Movie","Lee H. Katzin","6.5","90","1973","drama","170","1973-10-30","http://www.imdb.com/title/tt0070489/"
"214","tt0070533","Mon Jan 16 03:30:09 2012","Mon Jan 16 03:30:09 2012","","The Picture of Dorian Gray","TV Movie","Glenn Jordan","6.6","111","1973","drama, horror","251","1973-04-23","http://www.imdb.com/title/tt0070533/"
"215","tt0069137","Mon Jan 16 03:30:55 2012","Mon Jan 16 03:30:55 2012","","Pursuit","TV Movie","Michael Crichton","5.8","73","1972","drama, thriller","169","1972-12-12","http://www.imdb.com/title/tt0069137/"
"216","tt0076605","Mon Jan 16 03:31:46 2012","Mon Jan 16 03:31:46 2012","","Red Alert","TV Movie","Billy Hale","7.2","95","1977","thriller","145","1977-05-18","http://www.imdb.com/title/tt0076605/"
"217","tt0067673","Mon Jan 16 03:34:32 2012","Mon Jan 16 03:34:46 2012","aka There Once Was A Woman","Revenge","TV Movie","Jud Taylor","6.9","75","1971","horror, thriller","84","1971-11-06","http://www.imdb.com/title/tt0067673/"
"218","tt0070615","Mon Jan 16 03:35:20 2012","Mon Jan 16 03:35:20 2012","","Runaway!","TV Movie","David Lowell Rich","6.3","73","1973","thriller","105","1973-09-29","http://www.imdb.com/title/tt0070615/"
"219","tt0072128","Mon Jan 16 03:36:21 2012","Mon Jan 16 03:36:21 2012","","Scream of the Wolf","TV Movie","Dan Curtis","5.5","78","1974","horror, thriller","358","1974-01-16","http://www.imdb.com/title/tt0072128/"
"220","tt0069263","Mon Jan 16 03:36:57 2012","Mon Jan 16 03:37:08 2012","aka The Night The Earth Shook","Short Walk to Daylight","TV Movie","Barry Shear","7.1","73","1972","drama","158","1972-10-24","http://www.imdb.com/title/tt0069263/"
"221","tt0072177","Mon Jan 16 03:37:29 2012","Mon Jan 16 03:37:29 2012","","Skyway to Death","TV Movie","Gordon Hessler","5.7","75","1974","adventure, thriller","108","1974-01-19","http://www.imdb.com/title/tt0072177/"
"222","tt0078275","Mon Jan 16 03:37:50 2012","Mon Jan 16 03:37:50 2012","","Ski Lift to Death","TV Movie","William Wiard","4.6","100","1978","drama","62","1978-03-03","http://www.imdb.com/title/tt0078275/"
"223","tt0075236","Mon Jan 16 03:38:09 2012","Mon Jan 16 03:38:09 2012","","Smash-Up on Interstate 5","TV Movie","John Llewellyn Moxey","6.2","100","1976","drama","238","1976-12-03","http://www.imdb.com/title/tt0075236/"
"224","tt0065007","Mon Jan 16 03:38:39 2012","Mon Jan 16 03:38:39 2012","","Sole Survivor","TV Movie","Paul Stanley","7.8","100","1970","drama, fantasy","536","1970-01-09","http://www.imdb.com/title/tt0065007/"
"225","tt0078295","Mon Jan 16 03:38:51 2012","Mon Jan 16 03:38:51 2012","","Someone's Watching Me!","TV Movie","John Carpenter","6.8","97","1978","horror, mystery, thriller","2085","1978-11-29","http://www.imdb.com/title/tt0078295/"
"226","tt0076650","Mon Jan 16 03:39:40 2012","Mon Jan 16 03:39:40 2012","","SST: Death Flight","TV Movie","David Lowell Rich","3.8","89","1977","adventure, drama","346","1977-02-25","http://www.imdb.com/title/tt0076650/"
"227","tt0070742","Mon Jan 16 03:40:12 2012","Mon Jan 16 03:40:28 2012","Aka Stranded In Space","The Stranger","TV Movie","Lee H. Katzin","3.4","100","1973","sci_fi","356","1973-02-26","http://www.imdb.com/title/tt0070742/"
"228","tt0076798","Mon Jan 16 03:41:05 2012","Mon Jan 16 03:41:05 2012","","Tarantulas: The Deadly Cargo","TV Movie","Stuart Hagmann","4.7","95","1977","thriller","345","1977-12-28","http://www.imdb.com/title/tt0076798/"
"229","tt0070784","Mon Jan 16 03:42:56 2012","Mon Jan 16 03:42:56 2012","","Terror on the Beach","TV Movie","Paul Wendkos","5.7","74","1973","drama, action, thriller","205","1973-09-18","http://www.imdb.com/title/tt0070784/"
"230","tt0072268","Mon Jan 16 03:43:16 2012","Mon Jan 16 03:43:16 2012","","Terror on the 40th Floor","TV Movie","Jerry Jameson","4.7","97","1974","drama","120","1974-09-17","http://www.imdb.com/title/tt0072268/"
"231","tt0080007","Mon Jan 16 03:43:35 2012","Mon Jan 16 03:43:52 2012","aka Revenge of The Savage Bees","Terror Out of the Sky","TV Movie","Lee H. Katzin","4.4","97","1978","drama, horror","114","1978-12-26","http://www.imdb.com/title/tt0080007/"
"232","tt0072328","Mon Jan 16 03:44:22 2012","Mon Jan 16 03:44:22 2012","","The Turn of the Screw","TV Movie","Dan Curtis","6.4","120","1974","horror, thriller, drama","142","1974-04-15","http://www.imdb.com/title/tt0072328/"
"233","tt0073834","Mon Jan 16 03:44:36 2012","Mon Jan 16 03:44:36 2012","","The UFO Incident","TV Movie","Richard A. Colla","7.1","92","1975","biography, drama, history, romance, sci_fi","393","1975-10-20","http://www.imdb.com/title/tt0073834/"
"234","tt0080079","Mon Jan 16 03:45:01 2012","Mon Jan 16 03:45:01 2012","","Vampire","TV Movie","E.W. Swackhamer","6.8","100","1979","horror","213","1979-10-07","http://www.imdb.com/title/tt0080079/"
"235","tt0179510","Mon Jan 16 03:45:38 2012","Mon Jan 16 03:45:38 2012","","The Wide World of Mystery: The Werewolf of Woodstock","TV Episode","John Moffitt","3.8","74","1973","drama, horror, mystery, sci_fi","52","1975-01-24","http://www.imdb.com/title/tt0179510/"
"236","tt0070295","Mon Jan 16 03:45:52 2012","Mon Jan 16 03:45:52 2012","","The Legend of Hillbilly John","Feature Film","John Newland","6.4","89","1972","drama, fantasy","59","1972-07-20","http://www.imdb.com/title/tt0070295/"
"237","tt0356507","Thu Jan 19 14:38:03 2012","Thu Jan 19 14:38:03 2012","","Dead of Night: A Darkness at Blaisedon","TV Movie","Lela Swift","5.7","60","1969","horror","40","1969-08-26","http://www.imdb.com/title/tt0356507/"
"238","tt0071240","Thu Jan 19 15:47:00 2012","Thu Jan 19 15:47:00 2012","","Born Innocent","TV Movie","Donald Wrye","6.6","98","1974","drama","650","1974-09-10","http://www.imdb.com/title/tt0071240/"
"239","tt0446095","Fri Jan 20 12:49:58 2012","Fri Jan 20 12:49:58 2012","","The Wide World of Mystery: The Cloning of Clifford Swimmer","TV Episode","Lela Swift","7.3","74","1973","drama, horror, mystery, sci_fi","14","1974-11-01","http://www.imdb.com/title/tt0446095/"
"240","tt0075655","Fri Jan 20 13:10:05 2012","Fri Jan 20 13:10:05 2012","","Alexander: The Other Side of Dawn","TV Movie","John Erman","6.5","96","1977","drama","169","1977-05-16","http://www.imdb.com/title/tt0075655/"
"241","tt0068248","Fri Jan 20 13:10:27 2012","Fri Jan 20 13:10:27 2012","","Baffled!","TV Movie","Philip Leacock","6.0","90","1973","thriller","147","1973-01-30","http://www.imdb.com/title/tt0068248/"
"242","tt0077216","Fri Jan 20 13:10:53 2012","Fri Jan 20 13:10:53 2012","","The Beasts Are on the Streets","TV Movie","Peter R. Hunt","5.4","100","1978","thriller","58","1978-05-18","http://www.imdb.com/title/tt0077216/"
"243","tt0055786","Fri Jan 20 13:11:12 2012","Fri Jan 20 13:11:12 2012","","Belle Sommers","TV Movie","Elliot Silverstein","6.4","62","1962","drama, thriller","14","1962-05-30","http://www.imdb.com/title/tt0055786/"
"244","tt0087010","Fri Jan 20 13:11:24 2012","Fri Jan 20 13:11:24 2012","","The Burning Bed","TV Movie","Robert Greenwald","7.2","95","1984","crime, drama","1674","1984-10-08","http://www.imdb.com/title/tt0087010/"
"246","tt0072598","Fri Jan 20 13:12:26 2012","Fri Jan 20 13:12:26 2012","","The Abduction of Saint Anne","TV Movie","Harry Falk","6.5","72","1975","drama","39","1975-01-21","http://www.imdb.com/title/tt0072598/"
"247","tt0087063","Fri Jan 20 13:12:47 2012","Fri Jan 20 13:12:47 2012","","City Killer","TV Movie","Robert Lewis","5.3","100","1984","thriller","144","1984-10-28","http://www.imdb.com/title/tt0087063/"
"248","tt0072851","Fri Jan 20 13:15:41 2012","Fri Jan 20 13:15:41 2012","","Dead Man on the Run","TV Movie","Bruce Bilson","7.2","90","1975","thriller","11","1975-04-02","http://www.imdb.com/title/tt0072851/"
"249","tt0079049","Fri Jan 20 13:16:19 2012","Fri Jan 20 13:16:19 2012","","Diary of a Teenage Hitchhiker","TV Movie","Ted Post","6.4","96","1979","drama","90","1979-09-21","http://www.imdb.com/title/tt0079049/"
"250","tt0083821","Fri Jan 20 13:17:14 2012","Fri Jan 20 13:17:14 2012","","Desire, the Vampire","TV Movie","John Llewellyn Moxey","6.4","120","1982","crime, horror, thriller","128","1982-11-15","http://www.imdb.com/title/tt0083821/"
"251","tt0230378","Fri Jan 20 13:18:48 2012","Fri Jan 20 13:18:48 2012","","Journey Into Darkness","Feature Film","James Hill, Peter Sasdy","6.1","107","1968","horror","23","1968","http://www.imdb.com/title/tt0230378/"
"252","tt0074780","Fri Jan 20 13:19:27 2012","Fri Jan 20 13:19:27 2012","","Law of the Land","TV Movie","Virgil W. Vogel","7.7","100","1976","western","63","1976-04-29","http://www.imdb.com/title/tt0074780/"
"253","tt0197737","Fri Jan 20 13:20:20 2012","Fri Jan 20 13:20:20 2012","","The Nurse Killer","TV Movie","","6.7","90","1975","","6","1975-03-31","http://www.imdb.com/title/tt0197737/"
"254","tt0073659","Fri Jan 20 13:21:00 2012","Fri Jan 20 13:21:00 2012","","Sarah T. - Portrait of a Teenage Alcoholic","TV Movie","Richard Donner","6.7","96","1975","drama","303","1975-02-11","http://www.imdb.com/title/tt0073659/"
"255","tt0073676","Fri Jan 20 13:21:25 2012","Fri Jan 20 13:21:25 2012","","The Secret Night Caller","TV Movie","Jerry Jameson","7.7","74","1975","drama","26","1975-02-18","http://www.imdb.com/title/tt0073676/"
"256","tt0067966","Fri Jan 20 13:23:08 2012","Fri Jan 20 13:23:08 2012","","Welcome Home, Johnny Bristol","TV Movie","George McCowan","7.7","100","1972","drama","111","1972-01-30","http://www.imdb.com/title/tt0067966/"
"257","tt0198999","Mon Jan 23 09:11:06 2012","Mon Jan 23 09:11:06 2012","","The Scarecrow","TV Movie","Boris Sagal","7.6","105","1972","drama, fantasy, romance","116","1972-01-10","http://www.imdb.com/title/tt0198999/"
"258","tt0093141","Mon Jan 23 11:37:31 2012","Mon Jan 23 11:37:31 2012","","Hands of a Stranger","TV Movie","Larry Elikann","5.6","130","1987","crime, drama, thriller","186","1987-05-10","http://www.imdb.com/title/tt0093141/"
"259","tt0081231","Mon Jan 23 13:49:16 2012","Mon Jan 23 13:49:16 2012","","The Night the City Screamed","TV Movie","Harry Falk","5.6","96","1980","drama","45","1980-12-14","http://www.imdb.com/title/tt0081231/"
"260","tt0083095","Mon Jan 23 13:49:33 2012","Mon Jan 23 13:49:33 2012","","A Small Killing","TV Movie","Steven Hilliard Stern","6.6","100","1981","","33","1981-11-24","http://www.imdb.com/title/tt0083095/"
"261","tt0099259","Mon Jan 23 13:49:47 2012","Mon Jan 23 13:49:47 2012","","The China Lake Murders","TV Movie","Alan Metzger","6.2","97","1990","mystery, thriller","356","1990-01-31","http://www.imdb.com/title/tt0099259/"
"262","tt0097482","Mon Jan 23 13:50:08 2012","Mon Jan 23 13:50:08 2012","","The Haunting of Sarah Hardy","TV Movie","Jerry London","5.3","92","1989","horror","264","1989-05-31","http://www.imdb.com/title/tt0097482/"
"263","tt0071590","Mon Jan 23 13:50:25 2012","Mon Jan 23 13:50:25 2012","","The Gun","TV Movie","John Badham","6.9","78","1974","drama","56","1974-11-13","http://www.imdb.com/title/tt0071590/"
"264","tt0066254","Mon Jan 23 13:50:45 2012","Mon Jan 23 13:50:45 2012","","The Psychiatrist: God Bless the Children (Pilot)","TV Episode","Daryl Duke","8.7","120","1970","drama","40","1970-12-14","http://www.imdb.com/title/tt0066254/"
"265","tt0780801","Mon Jan 23 13:51:05 2012","Mon Jan 23 13:51:05 2012","","The Psychiatrist: In Death's Other Kingdom","TV Episode","","","60","1970","drama","0","1971-02-03","http://www.imdb.com/title/tt0780801/"
"266","tt0079056","Mon Jan 23 13:51:30 2012","Mon Jan 23 13:51:30 2012","","Disaster on the Coastliner","TV Movie","Richard Sarafian","5.6","97","1979","action, drama","338","1979-10-29","http://www.imdb.com/title/tt0079056/"
"267","tt0074365","Wed Jan 25 08:46:00 2012","Wed Jan 25 08:46:00 2012","","Curse of Bigfoot","TV Movie","Don Fields","2.0","88","1975","horror","365","1975","http://www.imdb.com/title/tt0074365/"
"268","tt0076266","Wed Jan 25 08:46:10 2012","Wed Jan 25 08:46:10 2012","","A Killing Affair","TV Movie","Richard C. Sarafian","6.0","100","1977","drama, crime","57","1977-09-21","http://www.imdb.com/title/tt0076266/"
"269","tt0064042","Thu Feb  2 11:06:25 2012","Thu Feb  2 11:06:25 2012","","Arsenic and Old Lace","TV Movie","Robert Scheerer","7.0","90","1969","comedy","97","1969-04-02","http://www.imdb.com/title/tt0064042/"
"270","tt0075296","Thu Feb  2 11:06:33 2012","Thu Feb  2 11:06:33 2012","","Sybil","Mini-Series","","8.0","198","1976","biography, drama","5002","1976-11-14","http://www.imdb.com/title/tt0075296/"
"271","tt0087340","Thu Feb  2 19:33:09 2012","Thu Feb  2 19:33:09 2012","","The Glitter Dome","TV Movie","Stuart Margolin","5.7","94","1984","crime, drama","229","1984-11-18","http://www.imdb.com/title/tt0087340/"
"272","tt0233735","Thu Feb  2 19:33:32 2012","Thu Feb  2 19:33:32 2012","","Flesh and Blood","TV Movie","Arthur Penn","6.4","100","1968","drama","25","1968-01-26","http://www.imdb.com/title/tt0233735/"
"273","tt0079161","Thu Feb  2 19:35:02 2012","Thu Feb  2 19:35:02 2012","","Flesh & Blood","TV Movie","Jud Taylor","6.4","240","1979","drama","159","1979-10-14","http://www.imdb.com/title/tt0079161/"
"274","tt0065387","Thu Feb  2 19:35:52 2012","Thu Feb  2 19:35:52 2012","","Along Came a Spider","TV Movie","Lee H. Katzin","6.8","75","1970","drama","115","1970-02-03","http://www.imdb.com/title/tt0065387/"
"275","tt0078048","Thu Feb  2 21:10:43 2012","Thu Feb  2 21:10:43 2012","","Outside Chance","TV Movie","Michael Miller","4.8","120","1978","drama, thriller, crime","16","1978-12-02","http://www.imdb.com/title/tt0078048/"
"276","tt0336749","Fri Feb  3 15:14:08 2012","Fri Feb  3 15:14:08 2012","","The Lie","TV Movie","Alex Segal","7.0","85","1973","drama","21","1973","http://www.imdb.com/title/tt0336749/"
"277","tt0098352","Fri Feb  3 15:58:13 2012","Fri Feb  3 15:58:13 2012","","Small Sacrifices","TV Movie","David Greene","7.7","159","1989","drama","720","1989-11-12","http://www.imdb.com/title/tt0098352/"
"278","tt0089882","Fri Feb  3 15:58:21 2012","Fri Feb  3 15:58:21 2012","","The Rape of Richard Beck","TV Movie","Karen Arthur","6.6","100","1985","action, crime, drama","307","1985-05-27","http://www.imdb.com/title/tt0089882/"
"279","tt0073772","Sat Feb 18 16:51:48 2012","Sat Feb 18 16:51:48 2012","","Sweet Hostage","TV Movie","Lee Philips","7.1","93","1975","drama, romance","512","1975-10-10","http://www.imdb.com/title/tt0073772/"
"280","tt0097392","Sat Feb 18 16:58:53 2012","Sat Feb 18 16:58:53 2012","","From the Dead of Night","TV Movie","Paul Wendkos","6.2","192","1989","thriller","172","1989-02-27","http://www.imdb.com/title/tt0097392/"
"281","tt0075917","Sat Feb 18 16:59:09 2012","Sat Feb 18 16:59:09 2012","","Dead of Night","TV Movie","Dan Curtis","6.5","76","1977","horror, mystery, thriller","447","1977-03-29","http://www.imdb.com/title/tt0075917/"
"282","tt0222545","Sat Feb 18 16:59:23 2012","Sat Feb 18 16:59:23 2012","","Dead of Night","TV Series","Rodney Bennett, Brian Farnham","7.3","50","1972","horror","43","1972-11-05","http://www.imdb.com/title/tt0222545/"
"283","tt0075320","Sun Feb 19 09:10:22 2012","Sun Feb 19 09:10:22 2012","","The Tenth Level","TV Movie","Charles S. Dubin","6.6","102","1976","drama","153","1976-08-26","http://www.imdb.com/title/tt0075320/"
"284","tt0095846","Sun Feb 19 09:10:33 2012","Sun Feb 19 09:10:33 2012","","The People Across the Lake","TV Movie","Arthur Allan Seidelman","5.6","95","1988","horror, thriller","227","1988-10-03","http://www.imdb.com/title/tt0095846/"
"285","tt0069461","Sun Feb 19 09:10:45 2012","Sun Feb 19 09:10:45 2012","","The Victim","TV Movie","Herschel Daugherty","7.6","73","1972","crime, mystery, thriller, drama","195","1972-11-14","http://www.imdb.com/title/tt0069461/"
"286","tt0079559","Sun Feb 19 09:18:15 2012","Sun Feb 19 09:18:15 2012","","Mind Over Murder","TV Movie","Ivan Nagy","6.3","100","1979","thriller","87","1979-10-23","http://www.imdb.com/title/tt0079559/"
"287","tt0073690","Tue May  8 08:01:33 2012","Tue May  8 08:01:33 2012","","A Shadow in the Streets","TV Movie","Richard Donner","7.1","90","1975","drama","15","1975-01-28","http://www.imdb.com/title/tt0073690/"
"288","tt0078976","Tue May  8 08:01:41 2012","Tue May  8 08:01:41 2012","","City on Fire","Feature Film","Alvin Rakoff","3.5","106","1979","action, drama","690","1979-05-24","http://www.imdb.com/title/tt0078976/"
"289","tt0083822","Tue May  8 08:01:49 2012","Tue May  8 08:01:49 2012","","Desperate Lives","TV Movie","Robert Lewis","6.0","96","1982","drama","151","1982-03-03","http://www.imdb.com/title/tt0083822/"
"290","tt0077345","Tue May  8 09:28:14 2012","Tue May  8 09:28:14 2012","","The Clone Master","TV Movie","Don Medford","6.6","100","1978","sci_fi","87","1978-09-14","http://www.imdb.com/title/tt0077345/"
"291","tt0083909","Tue May  8 09:31:23 2012","Tue May  8 09:31:23 2012","","The Executioner's Song","TV Movie","Lawrence Schiller","7.3","157","1982","biography, crime, drama","1234","1982-09-10","http://www.imdb.com/title/tt0083909/"
"292","tt0285569","Tue May  8 09:34:44 2012","Tue May  8 09:34:44 2012","","The Force of Evil","TV Movie","Richard Lang","7.4","100","1977","thriller","65","1977-03-13","http://www.imdb.com/title/tt0285569/"
"293","tt0070533","Thu May 10 19:16:18 2012","Thu May 10 19:16:18 2012","","The Picture of Dorian Gray","TV Movie","Glenn Jordan","6.6","111","1973","drama, horror","251","1973-04-23","http://www.imdb.com/title/tt0070533/"
"294","tt0438976","Fri May 11 13:52:35 2012","Fri May 11 13:52:35 2012","","The Wide World of Mystery: Shadow of Fear","TV Episode","Herbert Kenwith","5.0","72","1973","drama, horror, mystery, sci_fi","9","1974-01-28","http://www.imdb.com/title/tt0438976/"
"295","tt0235068","Fri May 11 13:52:43 2012","Fri May 11 13:52:43 2012","","The World Beyond","TV Movie","Noel Black","7.7","60","1978","horror, thriller","96","1978-01-21","http://www.imdb.com/title/tt0235068/"
"296","tt0086315","Tue May 15 12:13:31 2012","Tue May 15 12:13:31 2012","","The Sins of Dorian Gray","TV Movie","Tony Maylam","5.8","95","1983","drama, horror","119","1983-05-27","http://www.imdb.com/title/tt0086315/"
"297","tt0275293","Sun Aug 26 08:39:39 2012","Sun Aug 26 08:39:39 2012","","The Death Train","TV Movie","Igor Auzins","6.1","96","1978","crime, horror, thriller, mystery","47","1978","http://www.imdb.com/title/tt0275293/"
"298","tt0079850","Sat Sep  1 13:10:43 2012","Sat Sep  1 13:10:43 2012","","Sanctuary of Fear","TV Movie","John Llewellyn Moxey","5.4","100","1979","drama, thriller","38","1979-04-23","http://www.imdb.com/title/tt0079850/"
"299","tt0069659","Thu Sep  6 11:06:18 2012","Thu Sep  6 11:06:18 2012","","...And Millions Die!","TV Movie","Leslie H. Martinson","4.2","93","1973","thriller","47","1973","http://www.imdb.com/title/tt0069659/"
"300","tt0065819","Sun Mar 24 06:58:03 2013","Sun Mar 24 06:58:03 2013","","Hauser's Memory","TV Movie","Boris Sagal","6.9","96","1970","sci_fi","68","1970-11-24","http://www.imdb.com/title/tt0065819/"
"301","tt0073283","Sun Mar 24 06:58:09 2013","Sun Mar 24 06:58:09 2013","","Let's Switch!","TV Movie","Alan Rafkin","7.0","73","1975","comedy","38","1975-01-07","http://www.imdb.com/title/tt0073283/"
"302","tt0083184","Mon Dec  1 11:07:47 2014","Mon Dec  1 11:07:47 2014","","Terror Among Us","TV Movie","Paul Krasny","7.4","95","1981","action, thriller","88","1981-01-14","http://www.imdb.com/title/tt0083184/"
